{"loss": [0.7193088531494141, 0.6946874856948853, 0.6871427893638611, 0.6872152090072632, 0.6900128722190857, 0.6850082874298096, 0.6849346160888672, 0.6863163113594055, 0.6850281357765198, 0.677954912185669, 0.6882190704345703, 0.6764642000198364, 0.674538254737854, 0.6645799279212952, 0.6728416085243225], "accuracy": [0.5270000100135803, 0.49549999833106995, 0.5605000257492065, 0.559499979019165, 0.546500027179718, 0.5720040202140808, 0.5513595342636108, 0.5599194169044495, 0.5684999823570251, 0.5755000114440918, 0.5629405975341797, 0.5964999794960022, 0.597000002861023, 0.6110000014305115, 0.5954999923706055], "val_loss": [0.7069425582885742, 0.686040997505188, 0.6783363819122314, 0.6833188533782959, 0.6895650029182434, 0.6856113076210022, 0.6807612776756287, 0.6834836602210999, 0.6620160341262817, 0.6566139459609985, 0.6546926498413086, 0.6858153939247131, 0.6606965065002441, 0.6524175405502319, 0.6486132144927979], "val_accuracy": [0.5009999871253967, 0.5709999799728394, 0.597000002861023, 0.5659999847412109, 0.5249999761581421, 0.5440000295639038, 0.550000011920929, 0.5609999895095825, 0.6179999709129333, 0.6129999756813049, 0.6539999842643738, 0.5740000009536743, 0.5950000286102295, 0.6100000143051147, 0.6430000066757202]}